,idJugador,nombre,cantidadPartidas,rating
0,ohanyaneminchess,ultraBullet,19702,2559
1,ohanyaneminchess,bullet,37764,3051
2,ohanyaneminchess,blitz,14026,2714
3,ohanyaneminchess,rapid,444,2698
4,ohanyaneminchess,classical,9,1772
5,ohanyaneminchess,correspondence,8,1888
6,ohanyaneminchess,chess960,559,2372
7,ohanyaneminchess,kingOfTheHill,463,2274
8,ohanyaneminchess,threeCheck,538,2352
9,ohanyaneminchess,antichess,199,1755
10,ohanyaneminchess,atomic,192,1459
11,ohanyaneminchess,horde,524,2550
12,ohanyaneminchess,racingKings,375,1981
13,ohanyaneminchess,crazyhouse,160,2008
14,ohanyaneminchess,puzzle,1150,2458
15,dmitriychesser,ultraBullet,1474,2552
16,dmitriychesser,bullet,9522,3024
17,dmitriychesser,blitz,6477,2754
18,dmitriychesser,rapid,0,1500
19,dmitriychesser,classical,0,1500
20,dmitriychesser,correspondence,0,1500
21,dmitriychesser,puzzle,235,2405
22,mishka_the_great,ultraBullet,10221,2525
23,mishka_the_great,bullet,71723,3005
24,mishka_the_great,blitz,1977,2753
25,mishka_the_great,rapid,39,2211
26,mishka_the_great,classical,1,1465
27,mishka_the_great,correspondence,0,1500
28,mishka_the_great,chess960,60,2348
29,mishka_the_great,antichess,9,1260
30,mishka_the_great,horde,2,1851
31,mishka_the_great,crazyhouse,192,2191
32,mishka_the_great,puzzle,6478,2537
33,bardyk01,ultraBullet,15693,2507
34,bardyk01,bullet,11716,2950
35,bardyk01,blitz,9476,2649
36,bardyk01,rapid,25,2355
37,bardyk01,classical,1,1344
38,bardyk01,correspondence,0,1500
39,bardyk01,chess960,69,2557
40,bardyk01,kingOfTheHill,26,2142
41,bardyk01,threeCheck,21,1896
42,bardyk01,antichess,6,1244
43,bardyk01,atomic,26,1912
44,bardyk01,horde,3,1936
45,bardyk01,crazyhouse,23,2053
46,bardyk01,puzzle,2018,2616
47,tamojerry,ultraBullet,12239,2501
48,tamojerry,bullet,16030,3018
49,tamojerry,blitz,7096,2709
50,tamojerry,rapid,21,2544
51,tamojerry,classical,4,2448
52,tamojerry,correspondence,1,1956
53,tamojerry,chess960,108,2375
54,tamojerry,kingOfTheHill,62,2408
55,tamojerry,threeCheck,54,2206
56,tamojerry,atomic,4,1318
57,tamojerry,racingKings,19,1748
58,tamojerry,puzzle,287,2803
59,ediz_gurel,ultraBullet,2252,2500
60,ediz_gurel,bullet,8395,3301
61,ediz_gurel,blitz,160,2966
62,ediz_gurel,rapid,0,1500
63,ediz_gurel,classical,0,1500
64,ediz_gurel,correspondence,0,1500
65,ediz_gurel,chess960,37,2553
66,ediz_gurel,kingOfTheHill,10,2491
67,ediz_gurel,puzzle,88,2758
68,ragehunter,ultraBullet,21645,2493
69,ragehunter,bullet,11380,3033
70,ragehunter,blitz,4887,2654
71,ragehunter,rapid,696,2654
72,ragehunter,classical,883,2377
73,ragehunter,correspondence,0,1500
74,ragehunter,chess960,833,2590
75,ragehunter,kingOfTheHill,585,2439
76,ragehunter,threeCheck,576,2338
77,ragehunter,antichess,1249,2056
78,ragehunter,horde,607,2575
79,ragehunter,racingKings,448,2047
80,ragehunter,crazyhouse,406,2390
81,ragehunter,puzzle,2853,2638
82,hyo_lee,ultraBullet,4924,2473
83,hyo_lee,bullet,13278,2872
84,hyo_lee,blitz,3945,2603
85,hyo_lee,rapid,368,2582
86,hyo_lee,classical,2,2325
87,hyo_lee,correspondence,0,1500
88,hyo_lee,chess960,206,2448
89,hyo_lee,kingOfTheHill,43,2224
90,hyo_lee,threeCheck,106,2205
91,hyo_lee,antichess,1,1425
92,hyo_lee,atomic,6,1506
93,hyo_lee,horde,42,2267
94,hyo_lee,racingKings,5,1644
95,hyo_lee,crazyhouse,70,2286
96,hyo_lee,puzzle,486,2670
97,zhigalko_sergei,ultraBullet,21238,2466
98,zhigalko_sergei,bullet,67113,3158
99,zhigalko_sergei,blitz,15405,2754
100,zhigalko_sergei,rapid,446,2948
101,zhigalko_sergei,classical,0,1500
102,zhigalko_sergei,correspondence,0,1500
103,zhigalko_sergei,chess960,2036,2791
104,zhigalko_sergei,kingOfTheHill,2191,2618
105,zhigalko_sergei,threeCheck,2396,2590
106,zhigalko_sergei,racingKings,2,1698
107,zhigalko_sergei,crazyhouse,1802,2502
108,zhigalko_sergei,puzzle,2812,2822
109,konstantinkornienko,ultraBullet,957,2465
110,konstantinkornienko,bullet,1485,3245
111,konstantinkornienko,blitz,43,2522
112,konstantinkornienko,rapid,0,1500
113,konstantinkornienko,classical,0,1500
114,konstantinkornienko,correspondence,0,1500
115,konstantinkornienko,chess960,8,2329
116,konstantinkornienko,crazyhouse,2,2025
117,konstantinkornienko,puzzle,2031,1488
118,chesswarrior31,ultraBullet,6047,2295
119,chesswarrior31,bullet,7214,3313
120,chesswarrior31,blitz,3019,2783
121,chesswarrior31,rapid,141,2552
122,chesswarrior31,classical,13,2343
123,chesswarrior31,correspondence,0,1500
124,chesswarrior31,chess960,189,2529
125,chesswarrior31,kingOfTheHill,214,2410
126,chesswarrior31,threeCheck,44,2393
127,chesswarrior31,crazyhouse,47,2238
128,chesswarrior31,puzzle,492,2801
129,ediz_gurel,ultraBullet,2252,2500
130,ediz_gurel,bullet,8395,3301
131,ediz_gurel,blitz,160,2966
132,ediz_gurel,rapid,0,1500
133,ediz_gurel,classical,0,1500
134,ediz_gurel,correspondence,0,1500
135,ediz_gurel,chess960,37,2553
136,ediz_gurel,kingOfTheHill,10,2491
137,ediz_gurel,puzzle,88,2758
138,konstantinkornienko,ultraBullet,957,2465
139,konstantinkornienko,bullet,1485,3245
140,konstantinkornienko,blitz,43,2522
141,konstantinkornienko,rapid,0,1500
142,konstantinkornienko,classical,0,1500
143,konstantinkornienko,correspondence,0,1500
144,konstantinkornienko,chess960,8,2329
145,konstantinkornienko,crazyhouse,2,2025
146,konstantinkornienko,puzzle,2031,1488
147,watneg,bullet,4610,3203
148,watneg,blitz,594,2800
149,watneg,rapid,0,1500
150,watneg,classical,0,1500
151,watneg,correspondence,0,1500
152,watneg,chess960,294,2411
153,watneg,puzzle,90,2917
154,aqua_blazing,ultraBullet,51,2030
155,aqua_blazing,bullet,19236,3191
156,aqua_blazing,blitz,3173,2905
157,aqua_blazing,rapid,22,2310
158,aqua_blazing,classical,1,1888
159,aqua_blazing,correspondence,0,1500
160,aqua_blazing,chess960,4126,2424
161,aqua_blazing,kingOfTheHill,5759,2419
162,aqua_blazing,threeCheck,2172,2461
163,aqua_blazing,antichess,1,1859
164,aqua_blazing,horde,2,2031
165,aqua_blazing,crazyhouse,28,2069
166,aqua_blazing,puzzle,689,2945
167,muisback,ultraBullet,1747,2103
168,muisback,bullet,10788,3189
169,muisback,blitz,1707,3034
170,muisback,rapid,0,1500
171,muisback,classical,0,1500
172,muisback,correspondence,1,1500
173,muisback,chess960,170,2350
174,muisback,kingOfTheHill,60,2280
175,muisback,threeCheck,81,2091
176,muisback,antichess,7,1626
177,muisback,crazyhouse,4,1862
178,muisback,puzzle,264,2709
179,heisenberg01,ultraBullet,180,2242
180,heisenberg01,bullet,47048,3170
181,heisenberg01,blitz,2725,2799
182,heisenberg01,rapid,0,1500
183,heisenberg01,classical,2,1500
184,heisenberg01,correspondence,0,1500
185,heisenberg01,chess960,1712,2666
186,heisenberg01,kingOfTheHill,705,2449
187,heisenberg01,threeCheck,241,2168
188,heisenberg01,antichess,16,1841
189,heisenberg01,atomic,18,1505
190,heisenberg01,horde,21,2246
191,heisenberg01,crazyhouse,216,2302
192,heisenberg01,puzzle,7932,2247
193,legacyofbob,ultraBullet,391,2283
194,legacyofbob,bullet,1033,3170
195,legacyofbob,blitz,2,2177
196,legacyofbob,rapid,0,1500
197,legacyofbob,classical,0,1500
198,legacyofbob,correspondence,0,1500
199,legacyofbob,chess960,11,2337
200,legacyofbob,kingOfTheHill,15,2408
201,legacyofbob,threeCheck,1,1741
202,legacyofbob,atomic,10,1705
203,legacyofbob,crazyhouse,43,2159
204,legacyofbob,puzzle,15,2198
205,iamstraw,ultraBullet,12684,2458
206,iamstraw,bullet,8742,3167
207,iamstraw,blitz,1413,2672
208,iamstraw,rapid,15,2338
209,iamstraw,classical,29,2141
210,iamstraw,correspondence,0,1500
211,iamstraw,chess960,60,2435
212,iamstraw,kingOfTheHill,75,2235
213,iamstraw,threeCheck,33,2074
214,iamstraw,antichess,101,1933
215,iamstraw,atomic,4,2261
216,iamstraw,horde,783,2402
217,iamstraw,racingKings,97,2152
218,iamstraw,crazyhouse,1,1477
219,iamstraw,puzzle,2,1803
220,sindarovgm,ultraBullet,262,2236
221,sindarovgm,bullet,3924,3165
222,sindarovgm,blitz,3309,2794
223,sindarovgm,rapid,65,2204
224,sindarovgm,classical,0,1500
225,sindarovgm,correspondence,1,1741
226,sindarovgm,chess960,142,2496
227,sindarovgm,threeCheck,3,2231
228,sindarovgm,horde,1,1832
229,sindarovgm,puzzle,1702,2765
230,cutemouse83,bullet,2,1756
231,cutemouse83,blitz,8555,3027
232,cutemouse83,rapid,0,1500
233,cutemouse83,classical,0,1500
234,cutemouse83,correspondence,1,1258
235,cutemouse83,puzzle,41,2300
236,athena-pallada,bullet,1476,3080
237,athena-pallada,blitz,9242,2982
238,athena-pallada,rapid,242,2837
239,athena-pallada,classical,66,2522
240,athena-pallada,correspondence,0,1500
241,athena-pallada,chess960,197,2461
242,athena-pallada,kingOfTheHill,127,2194
243,athena-pallada,antichess,91,1549
244,athena-pallada,atomic,80,1401
245,athena-pallada,horde,17,1890
246,athena-pallada,racingKings,213,1930
247,athena-pallada,crazyhouse,41,2090
248,athena-pallada,puzzle,11005,3005
249,ediz_gurel,ultraBullet,2252,2500
250,ediz_gurel,bullet,8395,3301
251,ediz_gurel,blitz,160,2966
252,ediz_gurel,rapid,0,1500
253,ediz_gurel,classical,0,1500
254,ediz_gurel,correspondence,0,1500
255,ediz_gurel,chess960,37,2553
256,ediz_gurel,kingOfTheHill,10,2491
257,ediz_gurel,puzzle,88,2758
258,lintchevski_daniil,bullet,2687,3102
259,lintchevski_daniil,blitz,1071,2955
260,lintchevski_daniil,rapid,0,1500
261,lintchevski_daniil,classical,0,1500
262,lintchevski_daniil,correspondence,0,1500
263,lintchevski_daniil,puzzle,238,2610
264,dr-cro,bullet,25000,2902
265,dr-cro,blitz,7373,2955
266,dr-cro,rapid,4,2146
267,dr-cro,classical,0,1500
268,dr-cro,correspondence,0,1500
269,dr-cro,chess960,2313,2462
270,dr-cro,threeCheck,2069,2263
271,dr-cro,puzzle,322,2936
272,temp006,ultraBullet,2558,2196
273,temp006,bullet,38139,2992
274,temp006,blitz,1452,2948
275,temp006,rapid,7,2365
276,temp006,classical,0,1500
277,temp006,correspondence,0,1500
278,temp006,kingOfTheHill,13,2117
279,temp006,threeCheck,7,2083
280,temp006,atomic,4,1588
281,temp006,racingKings,8,1458
282,temp006,puzzle,146,2808
283,super_fanzhendong,bullet,757,2925
284,super_fanzhendong,blitz,51,2935
285,super_fanzhendong,rapid,0,1500
286,super_fanzhendong,classical,0,1500
287,super_fanzhendong,correspondence,0,1500
288,super_fanzhendong,puzzle,39,2661
289,lucifermorning01,bullet,0,1500
290,lucifermorning01,blitz,591,2925
291,lucifermorning01,rapid,0,1500
292,lucifermorning01,classical,0,1500
293,lucifermorning01,correspondence,0,1500
294,evilgenius94,bullet,362,3058
295,evilgenius94,blitz,353,2922
296,evilgenius94,rapid,0,1500
297,evilgenius94,classical,0,1500
298,evilgenius94,correspondence,0,1500
299,evilgenius94,chess960,34,2259
300,evilgenius94,threeCheck,1,1662
301,evilgenius94,antichess,1,1662
302,evilgenius94,atomic,1,1432
303,evilgenius94,crazyhouse,2,1706
304,evilgenius94,puzzle,624,2911
305,silence404,bullet,0,1500
306,silence404,blitz,3712,2917
307,silence404,rapid,0,1500
308,silence404,classical,0,1500
309,silence404,correspondence,0,1500
310,silence404,puzzle,10,2347
311,drvitman,bullet,2040,2534
312,drvitman,blitz,644,2686
313,drvitman,rapid,491,2942
314,drvitman,classical,3,1880
315,drvitman,correspondence,0,1500
316,drvitman,chess960,14,2129
317,drvitman,horde,63,1944
318,drvitman,crazyhouse,18,1998
319,drvitman,puzzle,10571,1728
320,vvchessli,ultraBullet,1870,2050
321,vvchessli,bullet,11635,2917
322,vvchessli,blitz,8579,2699
323,vvchessli,rapid,1046,2824
324,vvchessli,classical,144,2458
325,vvchessli,correspondence,0,1500
326,vvchessli,chess960,19,2170
327,vvchessli,kingOfTheHill,44,1997
328,vvchessli,threeCheck,29,1871
329,vvchessli,antichess,62,1624
330,vvchessli,atomic,14,1253
331,vvchessli,horde,16,2068
332,vvchessli,racingKings,18,1891
333,vvchessli,crazyhouse,17,1885
334,vvchessli,puzzle,3442,2700
335,chesssknock,ultraBullet,357,1830
336,chesssknock,bullet,9072,2809
337,chesssknock,blitz,30695,2725
338,chesssknock,rapid,3633,2805
339,chesssknock,classical,10,2354
340,chesssknock,correspondence,1,1500
341,chesssknock,chess960,874,2222
342,chesssknock,threeCheck,183,2022
343,chesssknock,antichess,22,1754
344,chesssknock,horde,89,2002
345,chesssknock,crazyhouse,204,2016
346,chesssknock,puzzle,3110,2641
347,mrkooshaj,ultraBullet,3261,2183
348,mrkooshaj,bullet,21543,2902
349,mrkooshaj,blitz,6043,2657
350,mrkooshaj,rapid,501,2793
351,mrkooshaj,classical,42,2400
352,mrkooshaj,correspondence,2,1924
353,mrkooshaj,chess960,728,2410
354,mrkooshaj,kingOfTheHill,696,2308
355,mrkooshaj,threeCheck,88,1948
356,mrkooshaj,antichess,44,1770
357,mrkooshaj,atomic,91,1455
358,mrkooshaj,horde,25,2133
359,mrkooshaj,racingKings,63,1733
360,mrkooshaj,crazyhouse,294,2209
361,mrkooshaj,puzzle,700,2841
362,tuzakli_egitim,ultraBullet,1685,2116
363,tuzakli_egitim,bullet,9543,2966
364,tuzakli_egitim,blitz,3446,2861
365,tuzakli_egitim,rapid,1292,2769
366,tuzakli_egitim,classical,8,1642
367,tuzakli_egitim,correspondence,1,1500
368,tuzakli_egitim,chess960,427,2460
369,tuzakli_egitim,kingOfTheHill,682,2396
370,tuzakli_egitim,threeCheck,241,2258
371,tuzakli_egitim,antichess,18,1591
372,tuzakli_egitim,atomic,136,2043
373,tuzakli_egitim,horde,110,2350
374,tuzakli_egitim,racingKings,29,1946
375,tuzakli_egitim,crazyhouse,65,2051
376,tuzakli_egitim,puzzle,7334,2829
377,konnov_oleg,bullet,16782,2672
378,konnov_oleg,blitz,22820,2525
379,konnov_oleg,rapid,1978,2751
380,konnov_oleg,classical,1151,2487
381,konnov_oleg,correspondence,0,1500
382,konnov_oleg,kingOfTheHill,3,1411
383,konnov_oleg,puzzle,35822,2907
384,nickvet,bullet,413,2735
385,nickvet,blitz,3882,2707
386,nickvet,rapid,253,2744
387,nickvet,classical,0,1500
388,nickvet,correspondence,0,1500
389,nickvet,chess960,24,1543
390,nickvet,puzzle,221,2744
391,savvavetokhin2009,ultraBullet,3830,2351
392,savvavetokhin2009,bullet,9294,3024
393,savvavetokhin2009,blitz,2659,2601
394,savvavetokhin2009,rapid,365,2739
395,savvavetokhin2009,classical,3,2572
396,savvavetokhin2009,correspondence,2,1693
397,savvavetokhin2009,chess960,571,2500
398,savvavetokhin2009,kingOfTheHill,1510,2340
399,savvavetokhin2009,threeCheck,206,2060
400,savvavetokhin2009,antichess,1,1169
401,savvavetokhin2009,atomic,2,1317
402,savvavetokhin2009,horde,31,2173
403,savvavetokhin2009,racingKings,34,1861
404,savvavetokhin2009,puzzle,518,3021
405,datajunkie,bullet,543,2924
406,datajunkie,blitz,2283,2736
407,datajunkie,rapid,223,2738
408,datajunkie,classical,41,2412
409,datajunkie,correspondence,0,1500
410,belyakovbogdan,bullet,483,2747
411,belyakovbogdan,blitz,859,2583
412,belyakovbogdan,rapid,215,2725
413,belyakovbogdan,classical,0,1500
414,belyakovbogdan,correspondence,0,1500
415,belyakovbogdan,puzzle,203,2552
416,plemsovhoz,ultraBullet,62,1871
417,plemsovhoz,bullet,2595,2818
418,plemsovhoz,blitz,5163,2717
419,plemsovhoz,rapid,271,2599
420,plemsovhoz,classical,281,2593
421,plemsovhoz,correspondence,9,1840
422,plemsovhoz,chess960,4,1944
423,plemsovhoz,kingOfTheHill,21,2179
424,plemsovhoz,threeCheck,11,2008
425,plemsovhoz,antichess,11,1441
426,plemsovhoz,atomic,5,1359
427,plemsovhoz,crazyhouse,4,1464
428,plemsovhoz,puzzle,1490,2620
429,cjota95,ultraBullet,137,2079
430,cjota95,bullet,2299,3056
431,cjota95,blitz,1241,2880
432,cjota95,rapid,158,2721
433,cjota95,classical,79,2520
434,cjota95,correspondence,0,1500
435,cjota95,chess960,91,2505
436,cjota95,kingOfTheHill,13,2243
437,cjota95,antichess,4,1872
438,cjota95,atomic,77,1771
439,cjota95,horde,86,2181
440,cjota95,crazyhouse,86,2353
441,cjota95,puzzle,5687,3075
442,konnov_oleg,bullet,16782,2672
443,konnov_oleg,blitz,22820,2525
444,konnov_oleg,rapid,1978,2751
445,konnov_oleg,classical,1151,2487
446,konnov_oleg,correspondence,0,1500
447,konnov_oleg,kingOfTheHill,3,1411
448,konnov_oleg,puzzle,35822,2907
449,vlad_lazarev79,ultraBullet,1,1741
450,vlad_lazarev79,bullet,131,2169
451,vlad_lazarev79,blitz,386,2468
452,vlad_lazarev79,rapid,49,2383
453,vlad_lazarev79,classical,285,2474
454,vlad_lazarev79,correspondence,1,1492
455,vlad_lazarev79,atomic,3,1633
456,vlad_lazarev79,horde,1,1750
457,vlad_lazarev79,puzzle,4539,2575
458,teodorvasilov,bullet,0,1500
459,teodorvasilov,blitz,0,1500
460,teodorvasilov,rapid,0,1500
461,teodorvasilov,classical,104,2474
462,teodorvasilov,correspondence,0,1500
463,teodorvasilov,puzzle,462,2658
464,igormezentsev,ultraBullet,303,1205
465,igormezentsev,bullet,2218,2262
466,igormezentsev,blitz,2631,2259
467,igormezentsev,rapid,276,2547
468,igormezentsev,classical,227,2470
469,igormezentsev,correspondence,107,2377
470,igormezentsev,crazyhouse,6,1714
471,igormezentsev,puzzle,2986,2540
472,tinea,ultraBullet,1,1295
473,tinea,bullet,1616,2519
474,tinea,blitz,695,2529
475,tinea,rapid,162,2417
476,tinea,classical,232,2455
477,tinea,correspondence,0,1500
478,tinea,chess960,13,1731
479,tinea,kingOfTheHill,1,1025
480,tinea,puzzle,473,2779
481,rtfm2300,ultraBullet,7,1852
482,rtfm2300,bullet,385,2802
483,rtfm2300,blitz,311,2579
484,rtfm2300,rapid,72,2608
485,rtfm2300,classical,55,2447
486,rtfm2300,correspondence,0,1500
487,rtfm2300,chess960,8,2467
488,rtfm2300,kingOfTheHill,69,2328
489,rtfm2300,threeCheck,36,2328
490,rtfm2300,puzzle,165,2612
491,thorwald5,ultraBullet,14,1803
492,thorwald5,bullet,1254,2670
493,thorwald5,blitz,2581,2499
494,thorwald5,rapid,955,2497
495,thorwald5,classical,689,2447
496,thorwald5,correspondence,0,1500
497,thorwald5,chess960,119,2287
498,thorwald5,threeCheck,85,2069
499,thorwald5,antichess,15,1724
500,thorwald5,atomic,121,1637
501,thorwald5,horde,121,2000
502,thorwald5,puzzle,73,2672
503,anindianchessplayer,ultraBullet,8414,2345
504,anindianchessplayer,bullet,12647,2745
505,anindianchessplayer,blitz,4672,2614
506,anindianchessplayer,rapid,853,2544
507,anindianchessplayer,classical,114,2446
508,anindianchessplayer,correspondence,133,2307
509,anindianchessplayer,chess960,1543,2465
510,anindianchessplayer,kingOfTheHill,2139,2250
511,anindianchessplayer,threeCheck,929,2252
512,anindianchessplayer,antichess,247,1871
513,anindianchessplayer,atomic,356,1650
514,anindianchessplayer,horde,525,2297
515,anindianchessplayer,racingKings,643,2071
516,anindianchessplayer,crazyhouse,578,2293
517,anindianchessplayer,puzzle,2184,2248
518,zhigalko_sergei,ultraBullet,21238,2466
519,zhigalko_sergei,bullet,67113,3158
520,zhigalko_sergei,blitz,15405,2754
521,zhigalko_sergei,rapid,446,2948
522,zhigalko_sergei,classical,0,1500
523,zhigalko_sergei,correspondence,0,1500
524,zhigalko_sergei,chess960,2036,2791
525,zhigalko_sergei,kingOfTheHill,2191,2618
526,zhigalko_sergei,threeCheck,2396,2590
527,zhigalko_sergei,racingKings,2,1698
528,zhigalko_sergei,crazyhouse,1802,2502
529,zhigalko_sergei,puzzle,2812,2822
530,jumpingknight20,ultraBullet,292,1939
531,jumpingknight20,bullet,1898,3019
532,jumpingknight20,blitz,1535,2704
533,jumpingknight20,rapid,221,2774
534,jumpingknight20,classical,33,2418
535,jumpingknight20,correspondence,0,1500
536,jumpingknight20,chess960,355,2653
537,jumpingknight20,puzzle,3045,3025
538,realdavidnavara,bullet,231,3023
539,realdavidnavara,blitz,1244,2853
540,realdavidnavara,rapid,344,2906
541,realdavidnavara,classical,17,2421
542,realdavidnavara,correspondence,0,1500
543,realdavidnavara,chess960,2231,2650
544,realdavidnavara,kingOfTheHill,100,2418
545,realdavidnavara,threeCheck,51,2350
546,realdavidnavara,horde,62,2200
547,realdavidnavara,puzzle,633,2836
548,aronyak1,ultraBullet,40,2011
549,aronyak1,bullet,7893,3055
550,aronyak1,blitz,6064,2787
551,aronyak1,rapid,99,2420
552,aronyak1,classical,0,1500
553,aronyak1,correspondence,0,1500
554,aronyak1,chess960,311,2638
555,aronyak1,kingOfTheHill,153,2190
556,aronyak1,threeCheck,97,2140
557,aronyak1,crazyhouse,127,2532
558,aronyak1,puzzle,2013,2793
559,homayooont,ultraBullet,2481,2149
560,homayooont,bullet,4346,3030
561,homayooont,blitz,1351,2763
562,homayooont,rapid,129,2969
563,homayooont,classical,11,2735
564,homayooont,correspondence,0,1500
565,homayooont,chess960,1612,2542
566,homayooont,kingOfTheHill,2271,2535
567,homayooont,threeCheck,1617,2457
568,homayooont,horde,814,2474
569,homayooont,crazyhouse,2678,2459
570,chesswarrior31,ultraBullet,6047,2295
571,chesswarrior31,bullet,7214,3313
572,chesswarrior31,blitz,3019,2783
573,chesswarrior31,rapid,141,2552
574,chesswarrior31,classical,13,2343
575,chesswarrior31,correspondence,0,1500
576,chesswarrior31,chess960,189,2529
577,chesswarrior31,kingOfTheHill,214,2410
578,chesswarrior31,threeCheck,44,2393
579,chesswarrior31,crazyhouse,47,2238
580,chesswarrior31,puzzle,492,2801
581,adridem,bullet,5664,2998
582,adridem,blitz,973,2803
583,adridem,rapid,22,2518
584,adridem,classical,4,2211
585,adridem,correspondence,0,1500
586,adridem,chess960,203,2526
587,adridem,kingOfTheHill,205,2452
588,adridem,threeCheck,72,2400
589,adridem,atomic,50,1866
590,adridem,horde,372,2509
591,adridem,crazyhouse,3855,2647
592,adridem,puzzle,61,2423
593,nalkwsfa,bullet,0,1500
594,nalkwsfa,blitz,839,2652
595,nalkwsfa,rapid,0,1500
596,nalkwsfa,classical,0,1500
597,nalkwsfa,correspondence,0,1500
598,nalkwsfa,chess960,267,2520
599,nalkwsfa,puzzle,36,2907
600,hangar-18,ultraBullet,5078,2173
601,hangar-18,bullet,7960,2859
602,hangar-18,blitz,6905,2681
603,hangar-18,rapid,35,2461
604,hangar-18,classical,0,1500
605,hangar-18,correspondence,0,1500
606,hangar-18,chess960,3136,2516
607,hangar-18,threeCheck,6,1832
608,hangar-18,crazyhouse,1381,2461
609,hangar-18,puzzle,319,2542
610,lion2006-45,ultraBullet,13944,2266
611,lion2006-45,bullet,9499,2947
612,lion2006-45,blitz,312,2718
613,lion2006-45,rapid,292,2771
614,lion2006-45,classical,141,2474
615,lion2006-45,correspondence,162,2463
616,lion2006-45,chess960,2236,2515
617,lion2006-45,kingOfTheHill,8708,2534
618,lion2006-45,threeCheck,2090,2420
619,lion2006-45,antichess,1412,2139
620,lion2006-45,atomic,546,1874
621,lion2006-45,horde,1507,2531
622,lion2006-45,racingKings,1050,2236
623,lion2006-45,crazyhouse,728,2352
624,lion2006-45,puzzle,462,3555
625,grxbullet,ultraBullet,9012,2425
626,grxbullet,bullet,10317,2900
627,grxbullet,blitz,3558,2716
628,grxbullet,rapid,190,2825
629,grxbullet,classical,0,1500
630,grxbullet,correspondence,0,1500
631,grxbullet,chess960,212,2452
632,grxbullet,crazyhouse,10939,2817
633,grxbullet,puzzle,281,2476
634,wateenellende,ultraBullet,1031,1908
635,wateenellende,bullet,56260,2951
636,wateenellende,blitz,5185,2684
637,wateenellende,rapid,0,1500
638,wateenellende,classical,0,1500
639,wateenellende,correspondence,0,1500
640,wateenellende,chess960,126,2554
641,wateenellende,antichess,26,1913
642,wateenellende,atomic,69,1917
643,wateenellende,horde,34,2341
644,wateenellende,racingKings,5,2126
645,wateenellende,crazyhouse,1859,2707
646,wateenellende,puzzle,524,2735
647,blitzbullet,ultraBullet,2750,2115
648,blitzbullet,bullet,13239,2801
649,blitzbullet,blitz,3495,2454
650,blitzbullet,rapid,127,2672
651,blitzbullet,classical,0,1500
652,blitzbullet,correspondence,0,1500
653,blitzbullet,chess960,1050,2395
654,blitzbullet,kingOfTheHill,826,2226
655,blitzbullet,threeCheck,899,2238
656,blitzbullet,antichess,203,1850
657,blitzbullet,atomic,593,2048
658,blitzbullet,horde,237,2328
659,blitzbullet,racingKings,168,2045
660,blitzbullet,crazyhouse,11988,2704
661,blitzbullet,puzzle,696,2428
662,larso,ultraBullet,1172,2185
663,larso,bullet,6353,2871
664,larso,blitz,1438,2552
665,larso,rapid,39,2308
666,larso,classical,2,1327
667,larso,correspondence,1,1500
668,larso,chess960,11,2057
669,larso,kingOfTheHill,8,1956
670,larso,threeCheck,3,1247
671,larso,antichess,3,1418
672,larso,atomic,12,1763
673,larso,horde,24,2070
674,larso,crazyhouse,8165,2693
675,larso,puzzle,337,2464
676,adridem,bullet,5664,2998
677,adridem,blitz,973,2803
678,adridem,rapid,22,2518
679,adridem,classical,4,2211
680,adridem,correspondence,0,1500
681,adridem,chess960,203,2526
682,adridem,kingOfTheHill,205,2452
683,adridem,threeCheck,72,2400
684,adridem,atomic,50,1866
685,adridem,horde,372,2509
686,adridem,crazyhouse,3855,2647
687,adridem,puzzle,61,2423
688,neutralizerr,bullet,0,1500
689,neutralizerr,blitz,0,1500
690,neutralizerr,rapid,0,1500
691,neutralizerr,classical,0,1500
692,neutralizerr,correspondence,0,1500
693,neutralizerr,crazyhouse,347,2642
694,beerngaming,ultraBullet,197,1902
695,beerngaming,bullet,3105,2729
696,beerngaming,blitz,329,2347
697,beerngaming,rapid,17,2189
698,beerngaming,classical,0,1500
699,beerngaming,correspondence,0,1500
700,beerngaming,chess960,597,2314
701,beerngaming,kingOfTheHill,46,2258
702,beerngaming,horde,7,2087
703,beerngaming,crazyhouse,5484,2636
704,beerngaming,puzzle,38,2402
705,oldhas-been,bullet,4127,2481
706,oldhas-been,blitz,932,2447
707,oldhas-been,rapid,0,1500
708,oldhas-been,classical,0,1500
709,oldhas-been,correspondence,0,1500
710,oldhas-been,crazyhouse,6347,2631
711,oldhas-been,puzzle,690,2519
712,craze,bullet,3662,3100
713,craze,blitz,75,2835
714,craze,rapid,24,2822
715,craze,classical,1,1757
716,craze,correspondence,0,1500
717,craze,chess960,126,2360
718,craze,kingOfTheHill,74,2328
719,craze,threeCheck,96,2306
720,craze,horde,85,2271
721,craze,racingKings,14,1942
722,craze,crazyhouse,12330,2621
723,craze,puzzle,458,2380
724,hanzotherazor,bullet,0,1500
725,hanzotherazor,blitz,43,2442
726,hanzotherazor,rapid,0,1500
727,hanzotherazor,classical,0,1500
728,hanzotherazor,correspondence,0,1500
729,hanzotherazor,chess960,81,2411
730,hanzotherazor,threeCheck,97,2138
731,hanzotherazor,horde,1578,2531
732,hanzotherazor,crazyhouse,3231,2608
733,antichess_valentino,ultraBullet,5,1415
734,antichess_valentino,bullet,9,1399
735,antichess_valentino,blitz,4,1530
736,antichess_valentino,rapid,0,1500
737,antichess_valentino,classical,0,1500
738,antichess_valentino,correspondence,0,1500
739,antichess_valentino,antichess,17360,2475
740,tetiksh1agrawal,ultraBullet,1297,1728
741,tetiksh1agrawal,bullet,5155,2321
742,tetiksh1agrawal,blitz,6459,1947
743,tetiksh1agrawal,rapid,238,1990
744,tetiksh1agrawal,classical,8,1555
745,tetiksh1agrawal,correspondence,6,1426
746,tetiksh1agrawal,chess960,677,1758
747,tetiksh1agrawal,kingOfTheHill,1437,1981
748,tetiksh1agrawal,threeCheck,846,1879
749,tetiksh1agrawal,antichess,48393,2418
750,tetiksh1agrawal,atomic,706,1692
751,tetiksh1agrawal,horde,425,2058
752,tetiksh1agrawal,racingKings,575,1949
753,tetiksh1agrawal,crazyhouse,548,1905
754,tetiksh1agrawal,puzzle,1229,2113
755,antichessepico,bullet,0,1500
756,antichessepico,blitz,0,1500
757,antichessepico,rapid,0,1500
758,antichessepico,classical,0,1500
759,antichessepico,correspondence,0,1500
760,antichessepico,antichess,25913,2413
761,sudenurk2,ultraBullet,13,1887
762,sudenurk2,bullet,2084,1875
763,sudenurk2,blitz,359,1658
764,sudenurk2,rapid,303,1793
765,sudenurk2,classical,0,1500
766,sudenurk2,correspondence,3,1729
767,sudenurk2,antichess,38709,2408
768,sudenurk2,atomic,3,1414
769,sudenurk2,puzzle,626,1830
770,irajzerai,bullet,0,1500
771,irajzerai,blitz,126,2212
772,irajzerai,rapid,380,2460
773,irajzerai,classical,0,1500
774,irajzerai,correspondence,0,1500
775,irajzerai,antichess,1880,2401
776,changeopening,ultraBullet,89,1096
777,changeopening,bullet,293,1635
778,changeopening,blitz,258,1985
779,changeopening,rapid,74,1671
780,changeopening,classical,14,1041
781,changeopening,correspondence,0,1500
782,changeopening,chess960,17,1688
783,changeopening,kingOfTheHill,21,1573
784,changeopening,threeCheck,97,1510
785,changeopening,antichess,78210,2376
786,changeopening,atomic,148,1164
787,changeopening,horde,24,1425
788,changeopening,racingKings,32,1401
789,changeopening,crazyhouse,64,1442
790,changeopening,puzzle,24,1852
791,kex09,ultraBullet,587,1403
792,kex09,bullet,1284,1805
793,kex09,blitz,814,1808
794,kex09,rapid,271,1807
795,kex09,classical,30,1715
796,kex09,correspondence,0,1500
797,kex09,chess960,524,1709
798,kex09,kingOfTheHill,205,1805
799,kex09,threeCheck,208,1699
800,kex09,antichess,39711,2376
801,kex09,atomic,2065,1746
802,kex09,horde,216,1701
803,kex09,racingKings,4245,2043
804,kex09,crazyhouse,380,1801
805,kex09,puzzle,9323,2241
806,llivill,bullet,203,2103
807,llivill,blitz,5622,2110
808,llivill,rapid,233,2190
809,llivill,classical,1,1308
810,llivill,correspondence,0,1500
811,llivill,antichess,18413,2371
812,llivill,atomic,107,1600
813,llivill,crazyhouse,113,1624
814,llivill,puzzle,1054,2338
815,pf2000,ultraBullet,3654,1743
816,pf2000,bullet,5064,2305
817,pf2000,blitz,2218,2220
818,pf2000,rapid,449,2326
819,pf2000,classical,234,2272
820,pf2000,correspondence,38,2366
821,pf2000,chess960,372,2037
822,pf2000,kingOfTheHill,4521,2099
823,pf2000,threeCheck,471,2063
824,pf2000,antichess,37199,2364
825,pf2000,atomic,142,1668
826,pf2000,horde,7790,2418
827,pf2000,racingKings,94,1693
828,pf2000,crazyhouse,583,1956
829,pf2000,puzzle,97,2657
830,theunknownguyreborn,ultraBullet,2439,1820
831,theunknownguyreborn,bullet,4189,2300
832,theunknownguyreborn,blitz,1057,2114
833,theunknownguyreborn,rapid,170,2112
834,theunknownguyreborn,classical,14,1692
835,theunknownguyreborn,correspondence,15,1740
836,theunknownguyreborn,chess960,293,1909
837,theunknownguyreborn,kingOfTheHill,551,1981
838,theunknownguyreborn,threeCheck,327,1919
839,theunknownguyreborn,antichess,61349,2363
840,theunknownguyreborn,atomic,788,1780
841,theunknownguyreborn,horde,65,1892
842,theunknownguyreborn,racingKings,435,1789
843,theunknownguyreborn,crazyhouse,1157,2076
844,theunknownguyreborn,puzzle,21459,2102
845,statham_13,ultraBullet,21558,2123
846,statham_13,bullet,19801,2742
847,statham_13,blitz,9194,2649
848,statham_13,rapid,218,2570
849,statham_13,classical,143,2559
850,statham_13,correspondence,13,2367
851,statham_13,chess960,922,2362
852,statham_13,kingOfTheHill,4182,2306
853,statham_13,threeCheck,3736,2490
854,statham_13,antichess,919,2121
855,statham_13,atomic,10386,2502
856,statham_13,horde,777,2320
857,statham_13,racingKings,530,2041
858,statham_13,crazyhouse,1167,2366
859,statham_13,puzzle,1419,2523
860,vlad_00,ultraBullet,6404,1889
861,vlad_00,bullet,23234,2604
862,vlad_00,blitz,2571,2383
863,vlad_00,rapid,288,2344
864,vlad_00,classical,71,2157
865,vlad_00,correspondence,0,1500
866,vlad_00,chess960,1381,2080
867,vlad_00,kingOfTheHill,1048,2239
868,vlad_00,threeCheck,1172,2069
869,vlad_00,antichess,3598,2024
870,vlad_00,atomic,25805,2471
871,vlad_00,horde,1438,2163
872,vlad_00,racingKings,3870,2150
873,vlad_00,crazyhouse,2484,2089
874,vlad_00,puzzle,3237,2184
875,fast-tsunami,ultraBullet,255,2200
876,fast-tsunami,bullet,10652,2678
877,fast-tsunami,blitz,6817,2502
878,fast-tsunami,rapid,95,2453
879,fast-tsunami,classical,42,2260
880,fast-tsunami,correspondence,3,1670
881,fast-tsunami,chess960,85,2048
882,fast-tsunami,kingOfTheHill,180,2015
883,fast-tsunami,threeCheck,374,2346
884,fast-tsunami,antichess,2095,2021
885,fast-tsunami,atomic,10702,2446
886,fast-tsunami,horde,268,2111
887,fast-tsunami,racingKings,161,1847
888,fast-tsunami,crazyhouse,342,2155
889,fast-tsunami,puzzle,613,2423
890,pashpash,ultraBullet,963,1821
891,pashpash,bullet,20067,2783
892,pashpash,blitz,3832,2507
893,pashpash,rapid,285,2579
894,pashpash,classical,22,2240
895,pashpash,correspondence,0,1500
896,pashpash,chess960,249,2116
897,pashpash,kingOfTheHill,1062,2266
898,pashpash,threeCheck,761,2280
899,pashpash,antichess,1160,1875
900,pashpash,atomic,9180,2431
901,pashpash,horde,148,1970
902,pashpash,racingKings,40,1979
903,pashpash,crazyhouse,949,2108
904,pashpash,puzzle,1157,2644
905,afanoffun,ultraBullet,25090,2443
906,afanoffun,bullet,17486,3053
907,afanoffun,blitz,3448,2621
908,afanoffun,rapid,227,2792
909,afanoffun,classical,66,2427
910,afanoffun,correspondence,28,2407
911,afanoffun,chess960,751,2659
912,afanoffun,kingOfTheHill,1256,2579
913,afanoffun,threeCheck,478,2362
914,afanoffun,antichess,407,2351
915,afanoffun,atomic,364,2427
916,afanoffun,horde,122,2337
917,afanoffun,racingKings,20,1884
918,afanoffun,crazyhouse,160,2372
919,afanoffun,puzzle,155,3233
920,destiny_of_power,ultraBullet,1482,1899
921,destiny_of_power,bullet,3352,2785
922,destiny_of_power,blitz,1284,2524
923,destiny_of_power,rapid,206,2527
924,destiny_of_power,classical,87,2310
925,destiny_of_power,correspondence,83,2164
926,destiny_of_power,chess960,332,2350
927,destiny_of_power,kingOfTheHill,586,2275
928,destiny_of_power,threeCheck,370,2134
929,destiny_of_power,antichess,1296,2109
930,destiny_of_power,atomic,3140,2400
931,destiny_of_power,horde,198,2116
932,destiny_of_power,racingKings,412,2008
933,destiny_of_power,crazyhouse,237,2016
934,destiny_of_power,puzzle,1256,3584
935,sutcunuri,ultraBullet,1529,2044
936,sutcunuri,bullet,48952,2676
937,sutcunuri,blitz,12850,2514
938,sutcunuri,rapid,405,2590
939,sutcunuri,classical,1,1751
940,sutcunuri,correspondence,1,1337
941,sutcunuri,chess960,114,2285
942,sutcunuri,kingOfTheHill,624,2398
943,sutcunuri,threeCheck,308,2108
944,sutcunuri,antichess,230,1790
945,sutcunuri,atomic,14812,2398
946,sutcunuri,horde,252,2238
947,sutcunuri,racingKings,30,1970
948,sutcunuri,crazyhouse,315,2324
949,sutcunuri,puzzle,656,2404
950,logparol,ultraBullet,82,1440
951,logparol,bullet,142,1559
952,logparol,blitz,4,1520
953,logparol,rapid,9,1971
954,logparol,classical,0,1500
955,logparol,correspondence,0,1500
956,logparol,threeCheck,28,1747
957,logparol,antichess,10,1442
958,logparol,atomic,5820,2396
959,logparol,crazyhouse,1,1771
960,logparol,puzzle,44,1608
961,chrisrapid,ultraBullet,1107,1602
962,chrisrapid,bullet,2553,2204
963,chrisrapid,blitz,3144,2109
964,chrisrapid,rapid,394,2201
965,chrisrapid,classical,170,2159
966,chrisrapid,correspondence,57,2001
967,chrisrapid,chess960,437,1919
968,chrisrapid,kingOfTheHill,272,1876
969,chrisrapid,threeCheck,252,2002
970,chrisrapid,antichess,2570,2112
971,chrisrapid,atomic,24453,2394
972,chrisrapid,horde,4572,2429
973,chrisrapid,racingKings,266,1879
974,chrisrapid,crazyhouse,475,1930
975,chrisrapid,puzzle,3357,2594
976,neverofzero,bullet,0,1500
977,neverofzero,blitz,815,2211
978,neverofzero,rapid,1311,2261
979,neverofzero,classical,33,2313
980,neverofzero,correspondence,0,1500
981,neverofzero,chess960,29,1846
982,neverofzero,kingOfTheHill,9,2026
983,neverofzero,threeCheck,21,1961
984,neverofzero,antichess,68,1834
985,neverofzero,atomic,6088,2373
986,neverofzero,horde,35,1939
987,neverofzero,racingKings,24,1870
988,neverofzero,crazyhouse,23,2009
989,neverofzero,puzzle,76,2710
990,eudemian,bullet,0,1500
991,eudemian,blitz,538,2321
992,eudemian,rapid,0,1500
993,eudemian,classical,0,1500
994,eudemian,correspondence,0,1500
995,eudemian,atomic,36,1850
996,eudemian,horde,287,2752
997,shreyas_adimulam,ultraBullet,12207,2157
998,shreyas_adimulam,bullet,11214,2502
999,shreyas_adimulam,blitz,569,2158
1000,shreyas_adimulam,rapid,171,2128
1001,shreyas_adimulam,classical,93,2005
1002,shreyas_adimulam,correspondence,7,1986
1003,shreyas_adimulam,chess960,1251,2205
1004,shreyas_adimulam,kingOfTheHill,1390,2254
1005,shreyas_adimulam,threeCheck,1068,2096
1006,shreyas_adimulam,antichess,1286,1926
1007,shreyas_adimulam,atomic,1726,1976
1008,shreyas_adimulam,horde,11321,2707
1009,shreyas_adimulam,racingKings,183,1833
1010,shreyas_adimulam,crazyhouse,1450,2104
1011,shreyas_adimulam,puzzle,1922,2555
1012,rayholt,ultraBullet,132,2002
1013,rayholt,bullet,3928,2641
1014,rayholt,blitz,7569,2511
1015,rayholt,rapid,185,2546
1016,rayholt,classical,82,2475
1017,rayholt,correspondence,0,1500
1018,rayholt,chess960,1550,2273
1019,rayholt,kingOfTheHill,2147,2260
1020,rayholt,threeCheck,2686,2388
1021,rayholt,antichess,175,1690
1022,rayholt,atomic,35,1689
1023,rayholt,horde,10340,2678
1024,rayholt,racingKings,491,2057
1025,rayholt,crazyhouse,1940,2297
1026,rayholt,puzzle,378,2408
1027,boburjon007,ultraBullet,53029,2403
1028,boburjon007,bullet,3170,2513
1029,boburjon007,blitz,1385,2095
1030,boburjon007,rapid,363,2090
1031,boburjon007,classical,44,2029
1032,boburjon007,correspondence,1,1619
1033,boburjon007,chess960,173,2125
1034,boburjon007,kingOfTheHill,609,2053
1035,boburjon007,threeCheck,22,1757
1036,boburjon007,antichess,217,1704
1037,boburjon007,atomic,201,1697
1038,boburjon007,horde,10128,2661
1039,boburjon007,racingKings,56,1618
1040,boburjon007,crazyhouse,40,1800
1041,boburjon007,puzzle,740,2188
1042,bijiy,ultraBullet,10908,2268
1043,bijiy,bullet,2072,2730
1044,bijiy,blitz,661,2448
1045,bijiy,rapid,521,2660
1046,bijiy,classical,75,2570
1047,bijiy,correspondence,12,2604
1048,bijiy,chess960,908,2478
1049,bijiy,kingOfTheHill,2074,2409
1050,bijiy,threeCheck,2109,2405
1051,bijiy,antichess,1443,2076
1052,bijiy,atomic,1052,2037
1053,bijiy,horde,4720,2660
1054,bijiy,racingKings,4445,2478
1055,bijiy,crazyhouse,1251,2344
1056,bijiy,puzzle,1563,2667
1057,stubenfisch,ultraBullet,16915,2025
1058,stubenfisch,bullet,58436,2646
1059,stubenfisch,blitz,18804,2305
1060,stubenfisch,rapid,251,2082
1061,stubenfisch,classical,55,1990
1062,stubenfisch,correspondence,30,1968
1063,stubenfisch,chess960,699,2017
1064,stubenfisch,kingOfTheHill,2573,2066
1065,stubenfisch,threeCheck,74,1789
1066,stubenfisch,antichess,41,1560
1067,stubenfisch,atomic,44,1595
1068,stubenfisch,horde,27469,2640
1069,stubenfisch,racingKings,308,1874
1070,stubenfisch,crazyhouse,28,1494
1071,stubenfisch,puzzle,988,2255
1072,pastorsimpa,ultraBullet,51,1615
1073,pastorsimpa,bullet,12,1966
1074,pastorsimpa,blitz,1,1324
1075,pastorsimpa,rapid,0,1500
1076,pastorsimpa,classical,0,1500
1077,pastorsimpa,correspondence,0,1500
1078,pastorsimpa,kingOfTheHill,7,2117
1079,pastorsimpa,threeCheck,9,1774
1080,pastorsimpa,horde,325,2632
1081,pastorsimpa,racingKings,2,1543
1082,pastorsimpa,crazyhouse,2,1464
1083,pastorsimpa,puzzle,16,1918
1084,horus_88,bullet,8443,2394
1085,horus_88,blitz,6551,2151
1086,horus_88,rapid,1,1531
1087,horus_88,classical,0,1500
1088,horus_88,correspondence,0,1500
1089,horus_88,chess960,441,2001
1090,horus_88,kingOfTheHill,4098,2103
1091,horus_88,threeCheck,491,2005
1092,horus_88,horde,14402,2621
1093,horus_88,crazyhouse,829,2105
1094,horus_88,puzzle,2922,2163
1095,schachtrainer_76,bullet,6104,2200
1096,schachtrainer_76,blitz,14454,2271
1097,schachtrainer_76,rapid,161,2227
1098,schachtrainer_76,classical,0,1500
1099,schachtrainer_76,correspondence,0,1500
1100,schachtrainer_76,chess960,2401,1742
1101,schachtrainer_76,horde,17889,2604
1102,schachtrainer_76,puzzle,152,2329
1103,kiwicoach,ultraBullet,72,1668
1104,kiwicoach,bullet,460,2191
1105,kiwicoach,blitz,171,2074
1106,kiwicoach,rapid,16,1994
1107,kiwicoach,classical,0,1500
1108,kiwicoach,correspondence,3,1671
1109,kiwicoach,chess960,22,1795
1110,kiwicoach,kingOfTheHill,22,1821
1111,kiwicoach,threeCheck,1,1410
1112,kiwicoach,antichess,61,2029
1113,kiwicoach,atomic,3,1623
1114,kiwicoach,horde,2511,2571
1115,kiwicoach,racingKings,19,1682
1116,kiwicoach,crazyhouse,29,2109
1117,kiwicoach,puzzle,178,2083
1118,zhigalko_sergei,ultraBullet,21238,2466
1119,zhigalko_sergei,bullet,67113,3158
1120,zhigalko_sergei,blitz,15405,2754
1121,zhigalko_sergei,rapid,446,2948
1122,zhigalko_sergei,classical,0,1500
1123,zhigalko_sergei,correspondence,0,1500
1124,zhigalko_sergei,chess960,2036,2791
1125,zhigalko_sergei,kingOfTheHill,2191,2618
1126,zhigalko_sergei,threeCheck,2396,2590
1127,zhigalko_sergei,racingKings,2,1698
1128,zhigalko_sergei,crazyhouse,1802,2502
1129,zhigalko_sergei,puzzle,2812,2822
1130,afanoffun,ultraBullet,25090,2443
1131,afanoffun,bullet,17486,3053
1132,afanoffun,blitz,3448,2621
1133,afanoffun,rapid,227,2792
1134,afanoffun,classical,66,2427
1135,afanoffun,correspondence,28,2407
1136,afanoffun,chess960,751,2659
1137,afanoffun,kingOfTheHill,1256,2579
1138,afanoffun,threeCheck,478,2362
1139,afanoffun,antichess,407,2351
1140,afanoffun,atomic,364,2427
1141,afanoffun,horde,122,2337
1142,afanoffun,racingKings,20,1884
1143,afanoffun,crazyhouse,160,2372
1144,afanoffun,puzzle,155,3233
1145,neverenough,bullet,15077,3036
1146,neverenough,blitz,7914,2805
1147,neverenough,rapid,11,2516
1148,neverenough,classical,0,1500
1149,neverenough,correspondence,0,1500
1150,neverenough,chess960,1820,2604
1151,neverenough,kingOfTheHill,1399,2561
1152,neverenough,threeCheck,1653,2480
1153,neverenough,antichess,1682,2123
1154,neverenough,atomic,1833,2279
1155,neverenough,horde,537,2417
1156,neverenough,crazyhouse,1856,2554
1157,neverenough,puzzle,502,2684
1158,homayooont,ultraBullet,2481,2149
1159,homayooont,bullet,4346,3030
1160,homayooont,blitz,1351,2763
1161,homayooont,rapid,129,2969
1162,homayooont,classical,11,2735
1163,homayooont,correspondence,0,1500
1164,homayooont,chess960,1612,2542
1165,homayooont,kingOfTheHill,2271,2535
1166,homayooont,threeCheck,1617,2457
1167,homayooont,horde,814,2474
1168,homayooont,crazyhouse,2678,2459
1169,lion2006-45,ultraBullet,13944,2266
1170,lion2006-45,bullet,9499,2947
1171,lion2006-45,blitz,312,2718
1172,lion2006-45,rapid,292,2771
1173,lion2006-45,classical,141,2474
1174,lion2006-45,correspondence,162,2463
1175,lion2006-45,chess960,2236,2515
1176,lion2006-45,kingOfTheHill,8708,2534
1177,lion2006-45,threeCheck,2090,2420
1178,lion2006-45,antichess,1412,2139
1179,lion2006-45,atomic,546,1874
1180,lion2006-45,horde,1507,2531
1181,lion2006-45,racingKings,1050,2236
1182,lion2006-45,crazyhouse,728,2352
1183,lion2006-45,puzzle,462,3555
1184,littleplotkin,ultraBullet,3543,2325
1185,littleplotkin,bullet,10418,3051
1186,littleplotkin,blitz,7658,2717
1187,littleplotkin,rapid,633,2608
1188,littleplotkin,classical,91,2424
1189,littleplotkin,correspondence,212,2351
1190,littleplotkin,chess960,1194,2600
1191,littleplotkin,kingOfTheHill,1490,2517
1192,littleplotkin,threeCheck,1853,2519
1193,littleplotkin,antichess,2043,2203
1194,littleplotkin,atomic,1499,2232
1195,littleplotkin,horde,555,2452
1196,littleplotkin,racingKings,1100,2219
1197,littleplotkin,crazyhouse,15360,2703
1198,littleplotkin,puzzle,16733,2613
1199,jianghaochen,ultraBullet,1318,2049
1200,jianghaochen,bullet,9291,3007
1201,jianghaochen,blitz,826,2679
1202,jianghaochen,rapid,30,2637
1203,jianghaochen,classical,9,2121
1204,jianghaochen,correspondence,2,1689
1205,jianghaochen,chess960,203,2392
1206,jianghaochen,kingOfTheHill,1029,2506
1207,jianghaochen,threeCheck,97,2338
1208,jianghaochen,antichess,102,1761
1209,jianghaochen,atomic,72,1618
1210,jianghaochen,horde,105,1903
1211,jianghaochen,racingKings,8,1503
1212,jianghaochen,crazyhouse,122,2156
1213,jianghaochen,puzzle,2967,2892
1214,cheerychocolate,bullet,6640,3007
1215,cheerychocolate,blitz,1100,2647
1216,cheerychocolate,rapid,11,2753
1217,cheerychocolate,classical,0,1500
1218,cheerychocolate,correspondence,0,1500
1219,cheerychocolate,chess960,585,2514
1220,cheerychocolate,kingOfTheHill,1100,2462
1221,cheerychocolate,threeCheck,899,2533
1222,cheerychocolate,antichess,68,2168
1223,cheerychocolate,atomic,314,2184
1224,cheerychocolate,horde,266,2615
1225,cheerychocolate,crazyhouse,442,2359
1226,cheerychocolate,puzzle,116,2629
1227,adridem,bullet,5664,2998
1228,adridem,blitz,973,2803
1229,adridem,rapid,22,2518
1230,adridem,classical,4,2211
1231,adridem,correspondence,0,1500
1232,adridem,chess960,203,2526
1233,adridem,kingOfTheHill,205,2452
1234,adridem,threeCheck,72,2400
1235,adridem,atomic,50,1866
1236,adridem,horde,372,2509
1237,adridem,crazyhouse,3855,2647
1238,adridem,puzzle,61,2423
1239,goldbart,ultraBullet,100,1913
1240,goldbart,bullet,1788,2816
1241,goldbart,blitz,3458,2701
1242,goldbart,rapid,5,2495
1243,goldbart,classical,0,1500
1244,goldbart,correspondence,0,1500
1245,goldbart,chess960,14989,2416
1246,goldbart,kingOfTheHill,9281,2448
1247,goldbart,threeCheck,2169,2358
1248,goldbart,antichess,27,2330
1249,goldbart,atomic,557,2032
1250,goldbart,horde,21,1899
1251,goldbart,racingKings,6,1796
1252,goldbart,crazyhouse,4,2203
1253,goldbart,puzzle,1791,2916
1254,bijiy,ultraBullet,10908,2268
1255,bijiy,bullet,2072,2730
1256,bijiy,blitz,661,2448
1257,bijiy,rapid,521,2660
1258,bijiy,classical,75,2570
1259,bijiy,correspondence,12,2604
1260,bijiy,chess960,908,2478
1261,bijiy,kingOfTheHill,2074,2409
1262,bijiy,threeCheck,2109,2405
1263,bijiy,antichess,1443,2076
1264,bijiy,atomic,1052,2037
1265,bijiy,horde,4720,2660
1266,bijiy,racingKings,4445,2478
1267,bijiy,crazyhouse,1251,2344
1268,bijiy,puzzle,1563,2667
1269,huangyudong,ultraBullet,65,1062
1270,huangyudong,bullet,363,1630
1271,huangyudong,blitz,518,1655
1272,huangyudong,rapid,120,1705
1273,huangyudong,classical,0,1500
1274,huangyudong,correspondence,20,1764
1275,huangyudong,chess960,60,1446
1276,huangyudong,kingOfTheHill,115,1687
1277,huangyudong,threeCheck,182,1662
1278,huangyudong,antichess,924,1844
1279,huangyudong,atomic,3712,1976
1280,huangyudong,horde,74,1519
1281,huangyudong,racingKings,7967,2423
1282,huangyudong,crazyhouse,192,1516
1283,huangyudong,puzzle,3176,2119
1284,cybershredder,ultraBullet,3736,1860
1285,cybershredder,bullet,33079,2558
1286,cybershredder,blitz,10001,2431
1287,cybershredder,rapid,521,2289
1288,cybershredder,classical,127,2253
1289,cybershredder,correspondence,120,2115
1290,cybershredder,chess960,556,2101
1291,cybershredder,kingOfTheHill,1995,2155
1292,cybershredder,threeCheck,3351,2308
1293,cybershredder,antichess,559,1784
1294,cybershredder,atomic,962,1765
1295,cybershredder,horde,2115,2224
1296,cybershredder,racingKings,26780,2417
1297,cybershredder,crazyhouse,872,2057
1298,cybershredder,puzzle,3584,2573
1299,seth_777,ultraBullet,3733,1810
1300,seth_777,bullet,2513,2163
1301,seth_777,blitz,2018,1936
1302,seth_777,rapid,392,1911
1303,seth_777,classical,239,1826
1304,seth_777,correspondence,40,1654
1305,seth_777,chess960,254,1591
1306,seth_777,kingOfTheHill,777,1890
1307,seth_777,threeCheck,1416,2032
1308,seth_777,antichess,354,1525
1309,seth_777,atomic,2694,2015
1310,seth_777,horde,237,1618
1311,seth_777,racingKings,9250,2398
1312,seth_777,crazyhouse,190,1715
1313,seth_777,puzzle,708,2150
1314,denorus,ultraBullet,1468,1630
1315,denorus,bullet,18492,2105
1316,denorus,blitz,688,2337
1317,denorus,rapid,91,2304
1318,denorus,classical,20,1733
1319,denorus,correspondence,8,1218
1320,denorus,chess960,8,1630
1321,denorus,kingOfTheHill,318,1826
1322,denorus,threeCheck,777,1814
1323,denorus,antichess,1090,1900
1324,denorus,atomic,2249,1843
1325,denorus,horde,32,1800
1326,denorus,racingKings,19676,2381
1327,denorus,crazyhouse,60,1670
1328,denorus,puzzle,611,2520
1329,r2300,ultraBullet,4073,1552
1330,r2300,bullet,2244,2024
1331,r2300,blitz,230,1678
1332,r2300,rapid,38,1427
1333,r2300,classical,4,1681
1334,r2300,correspondence,1,1687
1335,r2300,chess960,305,1717
1336,r2300,kingOfTheHill,775,1845
1337,r2300,threeCheck,569,1704
1338,r2300,antichess,11689,2307
1339,r2300,atomic,2298,1784
1340,r2300,horde,1188,1934
1341,r2300,racingKings,20353,2351
1342,r2300,crazyhouse,417,1862
1343,r2300,puzzle,438,3011
1344,alucasm,ultraBullet,1890,1561
1345,alucasm,bullet,2088,1948
1346,alucasm,blitz,934,1790
1347,alucasm,rapid,497,1670
1348,alucasm,classical,91,1514
1349,alucasm,correspondence,47,1781
1350,alucasm,chess960,52,1516
1351,alucasm,kingOfTheHill,138,1697
1352,alucasm,threeCheck,250,1496
1353,alucasm,antichess,206,1432
1354,alucasm,atomic,364,1478
1355,alucasm,horde,111,1638
1356,alucasm,racingKings,7706,2316
1357,alucasm,crazyhouse,108,1579
1358,alucasm,puzzle,3236,2013
1359,m-a01,ultraBullet,182,1620
1360,m-a01,bullet,1414,2076
1361,m-a01,blitz,1164,1930
1362,m-a01,rapid,213,1914
1363,m-a01,classical,35,1817
1364,m-a01,correspondence,7,1882
1365,m-a01,chess960,118,1520
1366,m-a01,kingOfTheHill,201,1929
1367,m-a01,threeCheck,77,1681
1368,m-a01,antichess,485,1752
1369,m-a01,atomic,1304,1751
1370,m-a01,horde,67,1843
1371,m-a01,racingKings,8079,2298
1372,m-a01,crazyhouse,132,1545
1373,m-a01,puzzle,1085,2318
1374,ok_oleksandr,ultraBullet,70,1585
1375,ok_oleksandr,bullet,211,1919
1376,ok_oleksandr,blitz,98,1776
1377,ok_oleksandr,rapid,15,1855
1378,ok_oleksandr,classical,5,1806
1379,ok_oleksandr,correspondence,13,1434
1380,ok_oleksandr,chess960,28,1735
1381,ok_oleksandr,kingOfTheHill,334,1913
1382,ok_oleksandr,threeCheck,98,1735
1383,ok_oleksandr,antichess,1835,2022
1384,ok_oleksandr,atomic,187,1777
1385,ok_oleksandr,horde,47,1787
1386,ok_oleksandr,racingKings,1363,2297
1387,ok_oleksandr,crazyhouse,40,1744
1388,ok_oleksandr,puzzle,100,2364
1389,chess23456789,ultraBullet,164,1710
1390,chess23456789,bullet,703,2156
1391,chess23456789,blitz,932,2017
1392,chess23456789,rapid,173,2057
1393,chess23456789,classical,8,1858
1394,chess23456789,correspondence,0,1500
1395,chess23456789,chess960,25,1813
1396,chess23456789,kingOfTheHill,466,1927
1397,chess23456789,threeCheck,181,1755
1398,chess23456789,antichess,1671,1995
1399,chess23456789,atomic,201,1539
1400,chess23456789,horde,88,1939
1401,chess23456789,racingKings,4879,2287
1402,chess23456789,crazyhouse,42,1777
1403,chess23456789,puzzle,885,2103
1404,zhigalko_sergei,ultraBullet,21238,2466
1405,zhigalko_sergei,bullet,67113,3158
1406,zhigalko_sergei,blitz,15405,2754
1407,zhigalko_sergei,rapid,446,2948
1408,zhigalko_sergei,classical,0,1500
1409,zhigalko_sergei,correspondence,0,1500
1410,zhigalko_sergei,chess960,2036,2791
1411,zhigalko_sergei,kingOfTheHill,2191,2618
1412,zhigalko_sergei,threeCheck,2396,2590
1413,zhigalko_sergei,racingKings,2,1698
1414,zhigalko_sergei,crazyhouse,1802,2502
1415,zhigalko_sergei,puzzle,2812,2822
1416,cheerychocolate,bullet,6640,3007
1417,cheerychocolate,blitz,1100,2647
1418,cheerychocolate,rapid,11,2753
1419,cheerychocolate,classical,0,1500
1420,cheerychocolate,correspondence,0,1500
1421,cheerychocolate,chess960,585,2514
1422,cheerychocolate,kingOfTheHill,1100,2462
1423,cheerychocolate,threeCheck,899,2533
1424,cheerychocolate,antichess,68,2168
1425,cheerychocolate,atomic,314,2184
1426,cheerychocolate,horde,266,2615
1427,cheerychocolate,crazyhouse,442,2359
1428,cheerychocolate,puzzle,116,2629
1429,unholycrusade,ultraBullet,2161,2074
1430,unholycrusade,bullet,3016,2818
1431,unholycrusade,blitz,2674,2518
1432,unholycrusade,rapid,130,2741
1433,unholycrusade,classical,35,2494
1434,unholycrusade,correspondence,14,2473
1435,unholycrusade,chess960,129,2265
1436,unholycrusade,kingOfTheHill,26,2216
1437,unholycrusade,threeCheck,5680,2511
1438,unholycrusade,antichess,9,1317
1439,unholycrusade,atomic,141,2078
1440,unholycrusade,horde,2,2001
1441,unholycrusade,crazyhouse,5,1764
1442,unholycrusade,puzzle,659,2657
1443,statham_13,ultraBullet,21558,2123
1444,statham_13,bullet,19801,2742
1445,statham_13,blitz,9194,2649
1446,statham_13,rapid,218,2570
1447,statham_13,classical,143,2559
1448,statham_13,correspondence,13,2367
1449,statham_13,chess960,922,2362
1450,statham_13,kingOfTheHill,4182,2306
1451,statham_13,threeCheck,3736,2490
1452,statham_13,antichess,919,2121
1453,statham_13,atomic,10386,2502
1454,statham_13,horde,777,2320
1455,statham_13,racingKings,530,2041
1456,statham_13,crazyhouse,1167,2366
1457,statham_13,puzzle,1419,2523
1458,superbamir,bullet,1830,2966
1459,superbamir,blitz,702,2649
1460,superbamir,rapid,0,1500
1461,superbamir,classical,0,1500
1462,superbamir,correspondence,0,1500
1463,superbamir,chess960,429,2471
1464,superbamir,kingOfTheHill,573,2364
1465,superbamir,threeCheck,999,2465
1466,superbamir,puzzle,167,2657
1467,wwjcd,ultraBullet,8399,1929
1468,wwjcd,bullet,12757,2703
1469,wwjcd,blitz,1432,2676
1470,wwjcd,rapid,55,2430
1471,wwjcd,classical,24,2406
1472,wwjcd,correspondence,0,1500
1473,wwjcd,chess960,2609,2380
1474,wwjcd,kingOfTheHill,2623,2358
1475,wwjcd,threeCheck,11920,2461
1476,wwjcd,antichess,399,1873
1477,wwjcd,atomic,540,1983
1478,wwjcd,horde,2878,2364
1479,wwjcd,racingKings,678,2063
1480,wwjcd,crazyhouse,1648,2480
1481,wwjcd,puzzle,6427,2801
1482,homayooont,ultraBullet,2481,2149
1483,homayooont,bullet,4346,3030
1484,homayooont,blitz,1351,2763
1485,homayooont,rapid,129,2969
1486,homayooont,classical,11,2735
1487,homayooont,correspondence,0,1500
1488,homayooont,chess960,1612,2542
1489,homayooont,kingOfTheHill,2271,2535
1490,homayooont,threeCheck,1617,2457
1491,homayooont,horde,814,2474
1492,homayooont,crazyhouse,2678,2459
1493,mirakel05,ultraBullet,10639,2416
1494,mirakel05,bullet,16683,3019
1495,mirakel05,blitz,1729,2747
1496,mirakel05,rapid,172,2727
1497,mirakel05,classical,8,2437
1498,mirakel05,correspondence,0,1500
1499,mirakel05,chess960,630,2658
1500,mirakel05,kingOfTheHill,1006,2486
1501,mirakel05,threeCheck,1355,2445
1502,mirakel05,antichess,409,2107
1503,mirakel05,atomic,8,1605
1504,mirakel05,horde,73,2385
1505,mirakel05,crazyhouse,710,2433
1506,mirakel05,puzzle,733,2661
1507,lion2006-45,ultraBullet,13944,2266
1508,lion2006-45,bullet,9499,2947
1509,lion2006-45,blitz,312,2718
1510,lion2006-45,rapid,292,2771
1511,lion2006-45,classical,141,2474
1512,lion2006-45,correspondence,162,2463
1513,lion2006-45,chess960,2236,2515
1514,lion2006-45,kingOfTheHill,8708,2534
1515,lion2006-45,threeCheck,2090,2420
1516,lion2006-45,antichess,1412,2139
1517,lion2006-45,atomic,546,1874
1518,lion2006-45,horde,1507,2531
1519,lion2006-45,racingKings,1050,2236
1520,lion2006-45,crazyhouse,728,2352
1521,lion2006-45,puzzle,462,3555
1522,ionlysellyeast,ultraBullet,427,1541
1523,ionlysellyeast,bullet,2006,2536
1524,ionlysellyeast,blitz,1420,2312
1525,ionlysellyeast,rapid,14,2022
1526,ionlysellyeast,classical,0,1500
1527,ionlysellyeast,correspondence,0,1500
1528,ionlysellyeast,chess960,102,1936
1529,ionlysellyeast,kingOfTheHill,324,2125
1530,ionlysellyeast,threeCheck,6110,2419
1531,ionlysellyeast,antichess,1,1433
1532,ionlysellyeast,atomic,5,1476
1533,ionlysellyeast,horde,10,1786
1534,ionlysellyeast,crazyhouse,50,1906
1535,ionlysellyeast,puzzle,88,2224
